INSERT INTO `BUCKET` (`BUCKET_ID`,`CLIENT_ID`,`BUCKET_NAME`,`BUCKET_NUM_USERS`,`BUCKET_PUBLIC`) VALUES ('7','11','Food','0','0');
INSERT INTO `BUCKET` (`BUCKET_ID`,`CLIENT_ID`,`BUCKET_NAME`,`BUCKET_NUM_USERS`,`BUCKET_PUBLIC`) VALUES ('8','11','Site','0','0');

INSERT INTO `CLIENT` (`CLIENT_ID`,`CLIENT_NAME`,`CLIENT_STREET`,`CLIENT_CITY`,`CLIENT_ZIP`,`CLIENT_EMAIL`,`CLIENT_USERNAME`,`CLIENT_PASSWORD`,`CLIENT_STATE`) VALUES ('11','Orlando Pozo','1235 Wildwood Ave','Sunnyvale','94089','orlandopozo@gmail.com','opozo','cc03e747a6afbbcbf8be7668acfebee5','CA');

INSERT INTO `CLIENT_SERVICE_BUCKET` (`CLIENT_ID`,`SERVICE_ID`,`BUCKET_ID`) VALUES ('11','10','7');
INSERT INTO `CLIENT_SERVICE_BUCKET` (`CLIENT_ID`,`SERVICE_ID`,`BUCKET_ID`) VALUES ('11','11','7');
INSERT INTO `CLIENT_SERVICE_BUCKET` (`CLIENT_ID`,`SERVICE_ID`,`BUCKET_ID`) VALUES ('11','12','7');
INSERT INTO `CLIENT_SERVICE_BUCKET` (`CLIENT_ID`,`SERVICE_ID`,`BUCKET_ID`) VALUES ('11','13','8');
INSERT INTO `CLIENT_SERVICE_BUCKET` (`CLIENT_ID`,`SERVICE_ID`,`BUCKET_ID`) VALUES ('11','14','7');
INSERT INTO `CLIENT_SERVICE_BUCKET` (`CLIENT_ID`,`SERVICE_ID`,`BUCKET_ID`) VALUES ('11','16','8');

INSERT INTO `SERVICE` (`SERVICE_ID`,`PROVIDER_ID`,`SERVICE_NAME`,`SERVICE_URL`,`SERVICE_CITY`,`SERVICE_STATE`,`SERVICE_PHONE`) VALUES ('10',NULL,'Tomatina','http://tomatina.com/','Walnut Creek','CA','(925) 930-9999');
INSERT INTO `SERVICE` (`SERVICE_ID`,`PROVIDER_ID`,`SERVICE_NAME`,`SERVICE_URL`,`SERVICE_CITY`,`SERVICE_STATE`,`SERVICE_PHONE`) VALUES ('11',NULL,'Jamba Juice','http://www.jambajuice.com/','Plano','TX','(469) 467-6877');
INSERT INTO `SERVICE` (`SERVICE_ID`,`PROVIDER_ID`,`SERVICE_NAME`,`SERVICE_URL`,`SERVICE_CITY`,`SERVICE_STATE`,`SERVICE_PHONE`) VALUES ('12',NULL,'Boston Market - Catering Restaurants','http://bostonmarket.com/','Pasadena','CA','(626) 351-1636');
INSERT INTO `SERVICE` (`SERVICE_ID`,`PROVIDER_ID`,`SERVICE_NAME`,`SERVICE_URL`,`SERVICE_CITY`,`SERVICE_STATE`,`SERVICE_PHONE`) VALUES ('13',NULL,'Orlando Pozo','http://orlandopozo.com','','','');
INSERT INTO `SERVICE` (`SERVICE_ID`,`PROVIDER_ID`,`SERVICE_NAME`,`SERVICE_URL`,`SERVICE_CITY`,`SERVICE_STATE`,`SERVICE_PHONE`) VALUES ('14',NULL,'Lucas Italian Restaurant','','Providence Forge','VA','(804) 966-7800');
INSERT INTO `SERVICE` (`SERVICE_ID`,`PROVIDER_ID`,`SERVICE_NAME`,`SERVICE_URL`,`SERVICE_CITY`,`SERVICE_STATE`,`SERVICE_PHONE`) VALUES ('16',NULL,'RAPOGO, C.A.','http://rapogo.com.ve','','','');